Mutation Type,Trinucleotide,Sample1,Sample2,Sample3,Sample4,Sample5,Sample6,Sample7,Sample8,Sample9,Sample10,Sample11,Sample12,Sample13,Sample14,Sample15,Sample16,Sample17,Sample18,Sample19,Sample20,Sample21,Sample22,Sample23,Sample24,Sample25,Sample26,Sample27,Sample28,Sample29,Sample30,Sample31,Sample32,Sample33,Sample34,Sample35,Sample36,Sample37,Sample38,Sample39,Sample40,Sample41,Sample42,Sample43,Sample44,Sample45
C>A,ACA,2,2,2,2,2,2,2,2,2,0,2,2,3,3,2,1,2,2,2,2,2,2,2,3,3,2,2,2,2,2,2,2,2,3,2,2,2,3,2,2,2,2,2,2,2
C>A,ACC,1,2,2,1,2,2,2,1,2,2,2,2,2,0,2,1,2,1,2,2,2,1,2,2,1,2,1,2,2,2,1,1,2,2,2,1,2,2,2,2,2,2,2,2,2
C>A,ACG,0,0,0,0,0,0,0,0,0,0,0,0,0,0,0,0,0,0,0,0,0,0,0,0,0,0,0,0,0,0,0,0,0,0,0,0,0,0,0,0,0,0,0,0,0
C>A,ACT,0,0,0,0,0,1,0,0,0,0,1,0,0,0,0,0,0,0,0,0,0,0,0,1,2,1,0,0,1,0,2,1,0,1,0,0,0,0,0,0,1,0,1,0,0
C>A,CCA,0,0,0,0,0,0,0,0,0,0,0,0,0,0,0,0,0,0,0,0,0,0,0,0,0,0,0,0,0,1,0,0,0,0,0,0,0,0,0,0,0,0,0,0,0
C>A,CCC,0,0,0,0,0,0,0,0,0,0,0,0,0,0,0,0,0,0,0,0,0,0,0,0,0,0,0,0,0,0,0,0,0,0,0,0,0,0,0,0,0,0,0,0,0
C>A,CCG,0,0,0,0,0,0,0,0,0,0,0,0,0,0,0,0,0,0,0,0,0,0,0,0,0,0,0,0,0,0,0,0,0,0,0,0,0,0,0,0,0,0,0,0,0
C>A,CCT,0,0,0,0,2,0,1,0,0,0,0,0,1,0,0,0,0,0,0,0,1,0,0,0,0,0,1,1,1,0,0,0,1,1,1,0,0,0,0,0,0,1,0,0,0
C>A,GCA,0,0,0,0,0,1,0,0,0,0,0,0,0,0,0,0,0,0,0,0,0,0,1,0,0,1,0,0,0,0,0,1,0,0,0,0,1,0,0,1,0,0,1,0,0
C>A,GCC,0,1,0,0,0,0,0,0,0,0,0,0,0,0,0,0,1,0,1,0,0,0,0,0,0,0,0,0,0,0,0,0,0,0,0,0,0,0,0,0,0,0,0,0,0
C>A,GCG,0,0,0,0,0,0,0,0,0,0,0,0,0,0,0,0,0,0,0,0,0,0,0,0,0,0,0,0,0,0,0,0,0,0,0,0,0,0,0,0,0,0,0,0,0
C>A,GCT,3,3,3,1,1,2,2,1,2,2,2,3,1,2,1,2,2,3,2,1,1,2,2,2,2,1,2,1,2,3,2,2,3,1,1,2,2,2,2,1,3,1,2,2,1
C>A,TCA,0,0,0,0,0,0,0,1,0,0,0,0,0,0,0,0,0,2,1,0,1,0,0,0,1,0,0,0,0,0,0,0,0,0,0,0,1,1,0,0,1,0,0,0,0
C>A,TCC,1,1,1,1,1,1,2,1,1,1,1,1,1,1,1,1,1,1,1,1,1,1,2,1,1,1,1,0,1,1,1,1,1,1,1,2,1,1,2,1,1,1,1,1,1
C>A,TCG,0,0,0,0,0,0,0,0,0,0,0,0,0,0,0,0,0,0,0,0,0,0,0,0,0,0,0,0,0,0,0,0,0,0,0,0,0,0,0,0,0,0,0,0,0
C>A,TCT,0,1,0,1,0,1,0,1,0,0,1,0,0,1,0,1,1,0,0,0,0,0,0,0,0,1,1,0,0,1,0,1,1,0,0,0,0,0,0,2,0,0,1,0,0
C>G,ACA,1,1,1,1,1,1,1,1,1,1,1,1,1,1,1,2,1,1,1,1,1,1,1,1,1,1,1,1,1,1,1,1,1,1,1,0,1,1,1,2,1,2,0,1,1
C>G,ACC,1,0,0,1,0,0,0,0,0,0,0,0,0,1,0,0,0,0,0,0,0,1,0,0,1,0,0,0,0,0,0,0,0,0,0,0,0,0,0,0,0,0,0,0,0
C>G,ACG,0,0,0,0,0,0,0,0,0,0,0,0,0,0,0,0,0,0,0,0,0,0,0,0,0,0,0,0,0,0,0,0,0,0,0,0,0,0,0,0,0,0,0,0,0
C>G,ACT,1,0,1,0,0,0,0,0,0,0,0,0,0,0,1,0,0,0,0,0,1,0,0,0,0,0,1,0,0,0,0,0,0,0,1,1,0,0,0,1,0,0,0,1,1
C>G,CCA,0,0,0,0,0,0,0,0,0,0,0,0,0,0,0,0,0,0,0,0,0,1,0,0,0,0,0,0,0,0,0,0,0,0,0,0,0,0,0,0,0,0,0,0,0
C>G,CCC,0,0,0,0,0,0,0,0,0,0,0,0,0,0,0,0,0,0,0,0,0,0,0,0,0,0,0,0,0,0,0,0,0,0,0,0,0,0,0,0,0,0,0,0,0
C>G,CCG,0,0,0,0,0,0,0,0,0,0,0,0,0,0,0,0,0,0,0,0,0,0,0,0,0,0,0,0,0,0,0,0,0,0,0,0,0,0,0,0,0,0,0,0,0
C>G,CCT,0,0,0,0,0,0,0,0,0,0,0,0,0,0,0,0,0,0,0,0,0,0,0,0,0,0,0,0,0,0,0,0,0,0,0,0,0,1,0,0,0,0,0,0,0
C>G,GCA,0,1,0,1,0,0,0,1,1,0,0,1,0,1,1,0,0,0,0,0,1,0,1,0,0,0,1,1,0,0,0,0,0,0,0,1,0,0,0,0,1,0,0,1,1
C>G,GCC,1,0,1,1,1,1,1,1,1,1,1,1,2,1,1,1,0,1,1,1,1,1,1,1,1,1,1,1,1,1,1,1,1,2,1,1,1,1,1,1,1,1,1,1,1
C>G,GCG,0,0,0,0,0,0,0,0,0,0,0,0,0,0,0,0,0,0,0,0,0,0,0,0,0,0,0,0,0,0,0,0,0,0,0,0,0,0,0,0,0,0,0,0,0
C>G,GCT,0,0,0,1,0,1,1,1,1,1,1,0,1,1,2,0,1,0,1,1,1,0,1,0,1,1,1,0,1,0,1,1,1,1,2,1,2,0,1,1,0,1,1,1,1
C>G,TCA,0,0,0,0,0,0,0,0,0,1,0,0,0,0,0,0,0,0,0,0,0,0,0,1,0,0,0,0,0,0,0,0,0,0,0,0,0,0,0,0,0,0,0,0,0
C>G,TCC,0,0,0,0,0,0,0,0,0,1,0,0,0,0,0,0,0,0,0,0,0,0,0,0,0,0,0,1,0,0,0,0,0,0,0,0,0,0,0,0,0,0,0,0,0
C>G,TCG,0,0,0,0,0,0,0,0,0,0,0,0,0,0,0,0,0,0,0,0,0,0,0,0,0,0,0,0,0,0,0,0,0,0,0,0,0,0,0,0,0,0,0,0,0
C>G,TCT,1,0,1,0,1,0,1,0,1,1,0,1,1,0,1,0,1,0,1,1,1,1,2,0,1,0,0,1,1,0,1,0,0,1,1,1,1,1,1,0,1,1,0,1,1
C>T,ACA,6,8,6,6,6,5,6,4,5,6,6,6,4,7,6,4,7,4,8,7,5,6,6,6,5,6,5,6,6,6,6,7,8,5,5,6,5,6,8,6,6,7,6,6,6
C>T,ACC,1,0,0,1,1,0,0,3,1,0,1,1,0,2,0,0,0,1,0,1,1,1,0,0,0,0,1,1,0,2,2,0,1,0,0,0,0,0,1,0,0,0,0,0,0
C>T,ACG,1,1,1,1,1,1,1,1,1,1,1,1,1,1,1,0,1,1,1,1,1,1,1,1,1,1,1,1,1,1,1,1,1,1,1,1,1,1,1,1,1,1,1,1,1
C>T,ACT,3,3,2,2,3,3,2,3,2,3,2,3,3,3,2,3,3,2,4,2,4,4,2,5,3,2,4,1,3,3,3,2,4,3,5,2,3,4,3,3,3,3,2,3,4
C>T,CCA,1,1,0,1,2,1,2,1,1,1,1,1,1,1,1,1,0,1,1,1,1,0,1,1,1,2,1,1,1,2,2,1,1,2,1,1,1,1,1,1,1,2,1,1,1
C>T,CCC,1,1,1,1,1,1,0,1,0,1,2,1,1,1,1,1,1,2,1,1,1,1,1,1,1,1,1,1,2,1,1,1,1,1,2,1,1,1,1,1,0,2,1,2,1
C>T,CCG,1,1,1,1,1,1,1,1,1,1,1,1,1,1,1,1,1,1,1,1,1,1,1,1,1,1,1,1,1,1,1,1,1,1,1,1,1,1,1,1,1,1,1,1,1
C>T,CCT,2,2,2,2,2,2,1,2,3,2,2,2,2,2,2,2,5,2,2,2,2,2,5,2,2,2,2,3,2,2,2,2,2,2,2,2,2,1,2,2,2,2,3,2,2
C>T,GCA,1,1,1,0,0,1,0,1,1,1,0,1,2,1,0,0,1,1,3,1,0,0,1,1,1,0,0,1,1,1,0,0,1,2,1,1,0,0,1,0,0,1,0,0,1
C>T,GCC,0,0,0,0,0,0,0,0,0,1,0,0,0,1,0,0,0,0,0,0,0,0,0,0,0,0,0,0,0,0,0,0,0,0,1,0,0,0,0,0,0,0,0,0,0
C>T,GCG,0,0,0,0,0,0,0,0,0,0,0,0,0,0,0,0,0,0,0,0,0,0,0,0,0,0,0,0,0,0,0,0,0,0,0,0,0,0,0,0,0,0,0,0,0
C>T,GCT,3,2,2,2,2,2,1,3,2,2,2,3,3,3,2,4,3,1,2,3,2,2,2,3,2,3,2,3,2,2,1,2,3,3,2,2,2,3,2,3,2,1,2,2,2
C>T,TCA,5,6,5,4,6,4,6,6,6,4,4,4,4,9,4,6,5,3,3,6,4,6,4,7,4,6,4,6,4,6,5,5,5,5,5,4,2,4,4,5,8,4,6,5,4
C>T,TCC,2,1,3,2,2,2,1,2,2,2,2,1,3,2,2,2,3,2,2,3,2,2,2,2,2,2,3,2,3,2,2,2,2,2,2,2,2,2,2,2,2,2,2,3,2
C>T,TCG,0,0,0,0,0,0,0,0,0,0,0,0,0,0,0,0,0,0,0,0,0,0,0,0,0,0,0,0,0,0,0,0,0,0,0,0,0,0,0,0,0,0,0,0,0
C>T,TCT,2,0,2,2,1,0,0,3,1,1,0,1,2,0,0,3,0,2,0,1,3,0,0,2,0,0,0,0,1,0,0,2,0,3,0,0,1,1,0,1,1,0,1,0,0
T>A,ATA,1,0,0,0,0,0,0,0,0,0,0,0,0,1,0,0,0,0,0,0,0,0,0,0,0,0,0,0,0,0,0,0,0,0,0,0,1,0,0,0,0,1,0,0,0
T>A,ATC,1,0,1,0,0,0,0,0,0,0,0,1,1,1,2,0,0,1,0,1,0,0,1,0,0,0,0,1,0,0,0,0,0,1,0,0,0,0,0,0,1,0,1,0,0
T>A,ATG,2,2,1,2,2,2,2,2,1,2,2,2,2,2,3,1,2,2,2,2,2,2,2,2,2,2,2,2,2,2,2,2,3,2,2,2,3,1,2,2,1,2,2,2,2
T>A,ATT,0,0,0,0,0,0,0,0,0,0,1,0,0,0,0,0,0,0,0,0,0,0,0,0,0,0,0,0,0,0,0,0,0,0,0,0,0,0,0,0,0,0,1,0,0
T>A,CTA,0,0,0,0,0,0,0,1,1,0,0,0,1,0,0,1,0,0,0,1,0,1,0,0,0,0,0,0,0,0,0,0,0,1,1,1,0,0,0,1,0,0,0,1,0
T>A,CTC,2,2,1,2,2,2,1,2,2,2,2,1,2,2,1,2,2,2,1,2,2,1,2,1,2,2,2,2,2,2,2,2,2,2,1,2,2,1,2,2,2,2,2,2,2
T>A,CTG,2,2,1,2,1,1,1,1,1,1,1,1,2,0,1,2,1,1,1,1,1,1,1,1,1,1,1,1,2,2,1,1,1,2,1,1,1,1,1,2,1,1,1,1,1
T>A,CTT,0,0,0,0,0,0,0,0,0,0,0,0,0,0,0,0,0,0,0,0,0,0,0,0,1,0,0,0,0,0,0,0,0,0,0,0,0,0,0,0,0,0,1,0,0
T>A,GTA,0,0,0,0,0,0,0,0,0,0,0,0,0,0,0,0,0,0,0,0,0,0,0,0,0,0,0,0,0,0,0,0,0,0,0,0,0,0,0,0,0,0,0,0,0
T>A,GTC,0,1,1,1,0,1,1,1,1,1,1,1,1,1,1,1,2,0,1,1,1,1,1,1,1,1,1,1,1,0,1,1,0,0,1,1,1,0,1,1,1,1,0,1,0
T>A,GTG,0,0,0,0,0,0,0,0,0,0,0,0,0,0,0,0,0,0,0,0,0,0,0,0,0,0,0,0,0,0,0,0,0,0,0,0,0,0,0,0,0,0,0,0,0
T>A,GTT,0,0,0,0,0,0,0,0,0,0,0,0,0,0,1,0,1,1,0,0,0,1,0,0,0,0,0,0,0,0,0,0,0,0,0,0,0,0,0,0,0,0,0,0,0
T>A,TTA,1,1,1,1,1,1,1,1,1,1,1,1,1,1,1,2,1,1,1,1,1,1,1,2,1,1,1,1,1,1,1,1,1,1,1,1,1,1,1,1,1,1,1,1,1
T>A,TTC,1,2,1,1,1,2,0,1,1,1,1,1,1,2,1,0,2,0,2,1,1,1,1,1,3,1,3,1,2,2,1,2,1,1,2,2,1,1,2,1,2,2,2,1,1
T>A,TTG,0,0,0,0,0,0,0,0,0,0,0,0,0,0,0,1,0,0,0,0,0,0,0,0,0,0,0,0,0,0,0,0,0,0,0,0,0,0,0,0,0,0,0,0,0
T>A,TTT,0,0,0,1,1,0,0,0,0,0,0,0,0,0,0,1,0,1,0,0,0,0,0,0,0,0,0,0,0,1,0,0,0,0,0,0,0,0,0,0,0,1,0,0,0
T>C,ATA,2,4,5,4,6,4,6,3,6,4,4,3,4,3,5,5,5,4,6,4,5,4,3,5,4,4,4,3,4,3,3,5,4,4,3,4,2,3,4,4,5,2,3,4,4
T>C,ATC,6,3,2,2,1,3,2,3,4,4,2,3,4,4,1,4,3,3,3,4,3,7,2,2,3,3,3,5,4,3,3,2,4,4,4,5,2,4,3,4,4,3,3,1,2
T>C,ATG,1,3,1,1,1,1,1,1,1,1,1,2,2,0,1,1,2,1,2,2,1,2,1,1,2,1,1,1,1,1,1,1,1,2,2,1,0,4,2,0,1,0,1,1,1
T>C,ATT,8,5,6,6,5,7,5,7,4,7,4,5,5,4,6,6,7,7,5,5,5,6,6,7,5,7,6,4,6,5,3,5,6,5,6,6,5,6,5,7,6,5,2,6,5
T>C,CTA,3,4,2,3,3,2,3,3,4,2,3,4,3,2,3,2,3,3,3,4,3,3,2,2,3,4,3,2,3,3,3,4,3,3,2,3,3,2,3,2,2,3,3,3,3
T>C,CTC,3,3,3,3,3,3,3,3,4,3,2,4,5,3,3,3,4,3,3,4,3,4,3,4,2,2,3,3,2,3,3,3,3,4,3,3,3,4,3,2,3,3,3,3,3
T>C,CTG,0,0,0,0,0,0,0,1,0,0,0,0,0,0,0,0,0,0,0,0,0,0,0,1,0,0,0,0,0,0,0,0,1,0,0,1,0,0,0,0,0,0,0,0,0
T>C,CTT,0,0,1,0,0,0,0,0,0,0,1,0,0,0,0,0,0,1,0,0,0,0,0,1,0,0,1,0,0,1,0,0,1,0,0,0,0,0,0,0,0,1,1,0,0
T>C,GTA,1,0,0,0,1,0,1,0,0,0,0,0,0,1,0,1,0,1,0,1,0,0,0,0,1,1,0,0,1,0,2,0,0,0,1,0,1,0,0,0,2,0,0,1,1
T>C,GTC,1,2,1,1,1,1,2,2,1,0,1,1,2,1,1,1,2,1,2,2,1,1,1,1,1,1,1,1,1,0,2,1,1,2,1,1,1,1,2,1,1,1,1,1,1
T>C,GTG,2,2,2,2,2,2,2,2,2,2,1,2,2,2,2,2,2,2,2,2,2,2,2,2,2,2,2,2,2,2,2,2,2,2,2,2,2,2,2,2,2,2,2,2,2
T>C,GTT,0,0,1,0,0,0,0,0,0,1,0,0,1,0,1,0,0,1,0,0,0,0,0,0,1,0,0,0,0,0,0,1,0,1,0,0,0,0,0,0,0,1,0,0,0
T>C,TTA,1,4,2,3,3,4,3,3,2,3,4,1,3,0,2,2,4,3,3,4,3,1,2,2,4,4,3,2,3,4,2,5,4,3,4,3,4,3,3,5,2,2,1,3,4
T>C,TTC,0,0,0,0,2,0,1,1,1,1,2,2,0,0,0,1,0,0,0,0,0,1,1,0,0,0,0,0,0,0,0,0,0,0,1,0,2,0,0,0,0,0,1,0,0
T>C,TTG,0,1,0,1,0,0,0,0,0,0,0,0,0,0,0,0,0,0,0,0,2,0,0,0,0,0,0,0,0,0,0,0,0,0,0,0,0,0,0,0,0,0,0,0,0
T>C,TTT,0,1,2,1,1,1,0,0,0,1,0,0,1,1,1,0,0,0,0,0,0,1,1,0,1,0,0,0,1,0,1,0,0,1,0,1,0,1,0,0,0,0,0,0,0
T>G,ATA,0,0,0,0,0,0,0,0,0,0,0,0,0,0,0,0,0,0,0,0,0,0,0,0,0,0,0,0,0,0,0,0,0,0,0,0,0,0,0,0,0,0,0,0,0
T>G,ATC,1,2,1,2,2,2,2,3,2,2,2,1,0,1,0,2,2,1,2,1,2,2,1,1,1,2,2,2,2,2,2,2,2,0,2,2,2,1,2,2,1,2,1,2,2
T>G,ATG,0,0,0,0,0,0,0,0,0,0,0,0,0,0,0,0,0,0,0,0,0,0,0,0,0,0,0,0,0,0,0,0,0,0,0,0,0,0,0,0,0,0,0,0,0
T>G,ATT,0,0,0,0,0,0,0,0,0,0,0,0,0,0,0,0,0,0,0,0,0,0,0,0,0,0,0,0,0,0,0,0,0,0,0,0,0,0,0,0,0,0,0,0,0
T>G,CTA,0,0,0,0,0,0,0,0,0,0,0,0,0,0,0,0,0,0,0,0,0,0,0,0,0,0,0,0,0,0,0,0,0,0,0,0,0,0,0,0,0,0,0,0,0
T>G,CTC,0,0,1,0,0,0,1,0,0,0,0,0,0,0,1,0,0,0,0,0,0,0,0,0,0,0,0,0,0,0,0,1,0,0,0,0,0,0,0,0,0,0,0,0,0
T>G,CTG,0,1,0,1,0,0,0,0,0,0,0,0,0,0,0,0,1,0,0,0,1,1,0,0,0,0,0,0,0,0,1,0,0,0,0,0,1,0,0,0,1,0,0,0,0
T>G,CTT,0,0,0,0,0,0,0,0,0,0,0,0,0,0,0,0,0,0,0,0,0,0,0,0,0,0,0,0,0,0,0,0,0,0,1,0,0,0,0,0,0,0,0,0,0
T>G,GTA,0,0,0,0,0,0,0,0,0,0,0,0,0,0,0,0,0,0,0,0,0,0,0,0,0,0,0,0,0,0,0,0,0,0,0,0,0,0,0,0,0,0,0,0,0
T>G,GTC,1,0,0,0,0,0,0,0,0,1,0,0,0,0,0,0,0,1,0,0,0,0,0,0,0,0,0,0,0,1,0,0,0,0,0,0,0,0,0,0,0,0,0,0,1
T>G,GTG,0,0,0,0,0,0,0,0,0,0,0,0,0,0,0,0,0,0,0,0,0,0,0,0,0,0,0,0,0,0,0,0,0,0,0,0,0,0,0,0,0,0,0,0,0
T>G,GTT,0,0,0,1,0,0,0,0,0,0,0,0,0,0,0,0,0,0,0,0,0,0,0,0,0,0,0,0,0,0,0,0,0,0,0,0,1,0,0,0,0,0,0,0,0
T>G,TTA,0,0,0,0,0,0,0,1,0,0,0,0,0,0,0,0,0,0,0,0,0,0,1,0,1,0,0,0,0,0,0,0,0,0,0,0,0,0,0,0,0,0,0,0,0
T>G,TTC,0,0,1,0,0,0,1,1,0,0,1,0,0,0,1,0,0,0,0,0,1,0,1,1,0,1,0,0,0,0,0,1,1,0,0,0,1,0,0,0,0,0,0,0,0
T>G,TTG,0,0,0,0,0,0,0,0,0,0,0,0,0,0,0,0,0,0,0,0,0,0,0,0,0,0,0,0,0,0,0,0,0,0,0,0,0,0,0,0,0,0,0,0,0
T>G,TTT,0,0,0,0,0,0,0,0,0,0,0,0,0,0,0,0,0,0,0,0,0,0,1,0,0,0,0,0,0,0,0,0,0,0,0,0,0,0,0,0,0,0,1,0,0
