Mutation Type,Trinucleotide,Sample9,Sample19,Sample29,Sample39,Sample49,Sample59,Sample69,Sample79,Sample89,Sample99,Sample109,Sample119,Sample129,Sample139,Sample149,Sample159,Sample169,Sample179,Sample189,Sample199
C>A,ACA,8,12,11,9,12,9,14,18,9,8,17,8,13,10,9,8,10,9,13,21
C>A,ACC,6,6,6,6,7,6,8,9,8,3,8,6,6,9,7,7,9,7,8,7
C>A,ACG,0,0,0,0,0,0,0,0,0,0,0,0,0,0,0,0,0,0,0,0
C>A,ACT,2,1,2,1,1,2,1,4,1,0,3,0,1,2,0,0,0,1,2,4
C>A,CCA,1,1,0,0,2,1,0,0,0,1,0,1,0,1,0,0,0,1,0,0
C>A,CCC,0,1,1,0,1,1,1,2,1,0,2,0,1,1,0,0,0,0,1,3
C>A,CCG,0,0,0,0,0,0,0,0,0,0,0,0,0,0,0,0,0,0,0,0
C>A,CCT,3,0,1,0,0,0,0,1,1,2,1,2,0,1,0,0,3,1,0,3
C>A,GCA,0,0,1,0,0,0,0,0,0,0,1,0,0,0,1,0,0,2,0,0
C>A,GCC,0,0,0,0,0,0,0,0,0,0,0,0,0,0,0,0,0,0,0,0
C>A,GCG,0,0,0,0,0,0,0,0,0,0,0,0,0,0,0,0,0,0,0,0
C>A,GCT,2,2,1,0,0,2,1,3,2,3,2,0,1,1,1,4,3,4,2,3
C>A,TCA,0,2,1,0,1,1,2,2,1,0,2,1,1,1,1,0,0,0,1,5
C>A,TCC,0,2,2,0,2,3,3,4,0,1,4,0,2,0,1,0,0,1,2,6
C>A,TCG,0,0,0,0,0,0,0,0,0,0,0,0,0,0,0,0,0,0,0,0
C>A,TCT,0,4,2,2,3,3,3,4,3,2,3,1,1,3,3,3,2,2,5,4
C>G,ACA,0,2,0,0,0,0,0,0,1,1,0,0,0,1,0,0,0,0,0,0
C>G,ACC,1,1,0,1,0,0,0,0,0,1,0,0,1,0,1,0,0,0,0,1
C>G,ACG,0,0,0,0,0,0,0,0,0,0,0,0,0,0,0,0,0,0,0,0
C>G,ACT,1,1,0,2,0,0,0,1,1,2,1,0,0,0,0,1,1,1,0,2
C>G,CCA,0,0,0,0,1,0,0,0,0,0,0,0,0,1,0,0,0,0,0,0
C>G,CCC,0,0,0,0,0,0,0,0,0,0,0,0,0,0,0,0,0,0,0,0
C>G,CCG,0,0,0,0,0,0,0,0,0,0,0,0,0,0,0,0,0,0,0,0
C>G,CCT,0,0,0,0,0,0,0,0,1,0,0,0,0,0,0,0,0,0,0,0
C>G,GCA,0,1,0,0,0,0,0,0,0,0,1,0,0,0,0,0,0,0,0,0
C>G,GCC,0,0,0,0,0,0,0,0,0,0,0,0,0,0,0,0,0,0,0,0
C>G,GCG,0,0,0,0,0,0,0,0,0,0,0,0,0,0,0,0,0,0,0,0
C>G,GCT,0,0,0,0,1,1,0,0,0,1,1,0,0,1,0,1,0,1,0,1
C>G,TCA,0,0,0,0,0,1,1,1,0,0,0,0,0,0,0,1,0,0,0,0
C>G,TCC,0,0,0,0,0,0,0,0,1,0,0,0,0,0,0,0,0,1,0,0
C>G,TCG,0,0,0,0,0,0,0,0,0,0,0,0,0,0,0,0,0,0,0,0
C>G,TCT,3,3,2,1,2,3,1,5,5,2,3,0,2,2,3,2,2,3,3,5
C>T,ACA,9,10,11,9,9,9,12,10,10,8,10,10,9,9,8,11,12,13,14,11
C>T,ACC,1,3,1,4,1,3,2,2,2,4,4,3,2,1,1,4,1,0,2,4
C>T,ACG,0,0,0,0,0,0,0,0,0,0,0,0,0,0,0,0,0,0,0,0
C>T,ACT,9,10,9,10,9,9,10,9,11,9,9,10,9,10,10,10,10,9,10,10
C>T,CCA,9,13,12,8,12,14,14,15,9,9,13,10,12,8,11,11,9,9,12,16
C>T,CCC,4,5,2,1,2,2,1,2,5,4,2,0,1,3,2,3,3,4,5,3
C>T,CCG,0,0,0,0,0,0,0,0,0,0,0,0,0,0,0,0,0,0,0,0
C>T,CCT,8,9,6,7,9,6,10,9,8,7,7,8,7,8,8,8,10,9,9,8
C>T,GCA,7,5,7,7,8,8,10,9,5,7,6,6,9,7,9,8,9,5,7,9
C>T,GCC,0,0,1,0,0,0,0,0,0,0,0,0,0,0,0,0,0,0,0,0
C>T,GCG,0,0,0,0,0,0,0,0,0,0,0,0,0,0,0,0,0,0,0,0
C>T,GCT,21,20,17,22,17,14,23,18,21,17,17,23,19,24,23,20,24,17,20,13
C>T,TCA,13,21,18,15,18,13,20,24,17,7,23,14,18,15,17,14,14,14,19,20
C>T,TCC,7,8,4,7,6,5,7,7,9,6,6,7,5,9,9,8,8,6,8,6
C>T,TCG,0,0,0,0,0,0,0,0,0,0,0,0,0,0,0,0,0,0,0,0
C>T,TCT,6,8,10,9,8,9,12,11,5,7,11,11,10,7,5,8,8,8,8,13
T>A,ATA,0,0,0,0,0,0,0,0,0,0,0,0,0,0,0,0,0,0,0,0
T>A,ATC,2,2,3,0,1,1,1,2,0,0,2,0,1,0,0,1,0,0,1,3
T>A,ATG,7,7,6,7,6,5,7,6,8,6,6,7,6,9,7,8,8,8,8,5
T>A,ATT,0,0,0,0,1,0,0,0,0,0,0,0,0,0,0,0,0,0,0,0
T>A,CTA,1,3,1,2,2,1,1,2,1,1,2,0,1,1,1,1,0,1,2,3
T>A,CTC,4,6,4,5,5,6,4,10,6,4,6,2,5,5,5,6,7,6,8,11
T>A,CTG,0,3,5,3,2,3,2,4,0,3,4,4,3,2,0,3,2,1,1,3
T>A,CTT,0,0,0,0,0,0,0,0,0,0,0,0,1,0,0,0,0,0,0,1
T>A,GTA,0,0,0,0,0,0,0,0,0,0,0,0,0,0,0,0,0,0,0,0
T>A,GTC,0,1,1,0,1,1,1,2,0,0,2,0,1,1,0,0,1,0,1,3
T>A,GTG,0,0,0,0,0,0,0,0,0,0,0,0,0,0,0,0,0,0,0,0
T>A,GTT,2,1,2,1,2,1,2,3,0,0,2,0,2,2,0,0,2,2,1,3
T>A,TTA,2,5,3,2,3,4,1,5,4,4,4,0,2,3,1,3,3,6,6,5
T>A,TTC,1,3,3,0,3,2,3,5,2,1,5,2,3,1,1,1,2,3,5,8
T>A,TTG,0,3,5,2,2,5,2,4,0,3,5,2,4,0,0,1,1,1,2,6
T>A,TTT,0,1,1,0,1,1,1,2,0,0,2,0,1,0,0,0,0,0,1,3
T>C,ATA,10,11,9,11,9,9,14,10,12,7,13,15,12,14,12,12,13,11,13,10
T>C,ATC,4,5,5,8,2,3,2,4,5,5,3,2,4,3,1,3,4,7,3,4
T>C,ATG,0,0,1,0,0,0,0,0,1,0,0,1,0,1,1,0,0,0,0,0
T>C,ATT,5,4,2,4,2,6,5,4,9,5,2,2,2,3,5,2,3,6,6,4
T>C,CTA,0,2,0,1,0,0,1,0,2,1,2,0,1,1,2,0,0,1,0,2
T>C,CTC,8,8,6,6,6,6,8,7,9,4,5,7,6,9,8,7,9,8,7,4
T>C,CTG,1,1,1,1,1,1,1,3,0,0,1,0,1,0,1,0,1,1,1,3
T>C,CTT,0,0,1,5,2,1,1,0,0,2,1,0,2,0,1,0,1,1,0,1
T>C,GTA,0,0,0,0,0,0,0,0,0,0,0,0,0,0,0,1,0,0,1,0
T>C,GTC,0,0,0,0,0,1,0,0,0,0,0,0,0,0,0,0,0,0,0,0
T>C,GTG,0,0,0,0,0,0,0,0,0,0,0,0,0,0,0,1,0,0,0,0
T>C,GTT,2,1,0,1,0,0,0,1,1,0,0,2,0,1,0,1,2,0,0,1
T>C,TTA,6,3,5,7,5,5,8,4,4,5,5,8,7,6,6,6,5,3,3,3
T>C,TTC,0,3,2,2,5,4,5,3,3,3,4,0,2,2,4,1,1,1,2,3
T>C,TTG,0,1,0,0,0,0,0,0,0,0,0,0,0,0,1,0,0,0,0,0
T>C,TTT,7,4,4,5,4,3,7,4,4,2,4,8,4,8,4,5,6,1,3,2
T>G,ATA,0,0,0,0,0,0,0,0,0,0,0,0,0,0,0,0,0,0,0,0
T>G,ATC,1,5,3,3,4,5,2,8,4,6,6,2,3,3,2,1,4,7,7,8
T>G,ATG,1,1,1,0,1,1,1,3,0,0,2,0,1,0,0,1,1,0,1,3
T>G,ATT,0,0,0,0,0,0,0,0,0,0,0,0,0,1,0,0,0,0,0,0
T>G,CTA,0,0,0,0,0,0,0,0,0,0,1,0,0,0,0,0,0,0,0,0
T>G,CTC,2,3,4,1,4,1,4,0,2,3,4,5,3,4,3,3,1,2,2,3
T>G,CTG,0,3,1,1,3,1,1,2,1,1,3,1,2,3,1,2,0,0,4,3
T>G,CTT,0,0,0,1,0,0,0,0,0,0,0,0,0,0,0,0,0,0,0,0
T>G,GTA,0,0,0,0,0,0,0,0,0,0,0,0,0,0,0,0,0,0,0,0
T>G,GTC,5,4,4,4,4,2,8,4,4,2,5,7,5,5,6,6,6,2,2,3
T>G,GTG,0,0,0,0,0,0,0,0,0,0,0,0,0,0,0,0,0,0,0,0
T>G,GTT,0,0,2,3,0,2,0,0,1,3,1,2,2,1,0,1,0,3,0,0
T>G,TTA,0,0,0,0,0,0,0,0,1,0,0,0,0,0,1,0,0,0,0,1
T>G,TTC,0,0,0,1,0,0,0,0,0,0,0,0,0,0,0,0,0,0,0,0
T>G,TTG,0,0,0,0,0,0,1,0,0,0,0,0,0,0,1,0,0,0,0,0
T>G,TTT,0,0,0,0,0,0,0,0,0,0,0,0,0,0,0,0,0,0,0,0
