Mutation Type,Trinucleotide,Sample1,Sample2,Sample3,Sample4,Sample5,Sample6,Sample7,Sample8,Sample9,Sample10,Sample11,Sample12,Sample13,Sample14,Sample15,Sample16,Sample17,Sample18,Sample19,Sample20
C>A,ACA,0,0,2,2,0,0,0,0,0,0,1,0,0,0,1,1,1,1,1,0
C>A,ACC,0,0,1,2,0,0,1,0,0,0,0,0,0,0,2,1,0,0,0,0
C>A,ACG,0,0,0,0,0,0,0,0,0,0,0,0,0,0,0,0,0,0,0,0
C>A,ACT,0,0,0,0,0,0,0,0,0,0,0,0,0,0,0,0,0,0,0,0
C>A,CCA,0,0,0,0,0,0,0,0,0,0,0,0,0,0,0,0,0,0,0,0
C>A,CCC,0,0,0,0,0,0,0,0,0,0,0,0,0,0,0,0,0,0,0,0
C>A,CCG,0,0,0,0,0,0,0,0,0,0,0,0,0,0,0,0,0,0,0,0
C>A,CCT,0,0,0,0,0,0,0,0,0,0,0,0,0,0,0,0,0,0,0,0
C>A,GCA,0,0,0,0,0,0,0,0,0,0,0,0,0,0,0,0,0,0,0,0
C>A,GCC,0,0,0,1,0,0,0,0,0,0,1,0,0,0,0,0,0,0,1,0
C>A,GCG,0,0,0,0,0,0,0,0,0,0,0,0,0,0,0,0,0,0,0,0
C>A,GCT,1,1,3,3,1,1,1,2,1,1,1,1,1,1,2,2,2,1,1,1
C>A,TCA,1,1,0,0,2,1,2,1,1,1,0,0,1,1,1,1,0,0,0,1
C>A,TCC,0,0,1,1,1,1,1,1,1,1,0,1,0,0,2,1,0,1,1,1
C>A,TCG,0,0,0,0,0,0,0,0,0,0,0,0,0,0,0,0,0,0,0,0
C>A,TCT,0,0,0,1,0,0,0,1,0,0,0,0,0,0,0,1,0,0,0,0
C>G,ACA,1,1,1,1,1,1,2,1,1,1,1,1,1,1,1,1,1,1,1,1
C>G,ACC,0,0,1,0,0,0,0,0,0,0,0,0,0,0,0,1,0,0,0,0
C>G,ACG,0,0,0,0,0,0,0,0,0,0,0,0,0,0,0,0,0,0,0,0
C>G,ACT,0,0,1,0,0,0,0,0,0,0,0,0,0,0,0,1,0,0,0,0
C>G,CCA,0,0,0,0,0,0,0,0,0,0,0,0,0,0,0,0,0,0,0,0
C>G,CCC,0,0,0,0,0,0,0,0,0,0,0,0,0,0,0,0,0,0,0,0
C>G,CCG,0,0,0,0,0,0,0,0,0,0,0,0,0,0,0,0,0,0,0,0
C>G,CCT,0,0,0,0,0,0,0,0,0,0,0,0,0,0,0,0,0,0,0,0
C>G,GCA,0,0,0,0,0,0,0,0,0,0,0,0,0,0,0,0,0,0,0,0
C>G,GCC,1,1,1,0,1,1,1,1,1,1,0,1,1,1,1,1,1,1,0,1
C>G,GCG,0,0,0,0,0,0,0,0,0,0,0,0,0,0,0,0,0,0,0,0
C>G,GCT,1,1,0,0,1,1,1,1,1,1,0,1,1,1,1,1,0,1,1,1
C>G,TCA,0,0,0,0,0,0,0,0,0,0,0,0,0,0,0,0,0,0,0,0
C>G,TCC,1,0,0,0,0,0,0,0,0,0,0,0,1,0,0,0,0,0,0,0
C>G,TCG,0,0,0,0,0,0,0,0,0,0,0,0,0,0,0,0,0,0,0,0
C>G,TCT,0,0,1,0,0,0,1,0,0,0,0,0,0,0,1,1,0,0,0,0
C>T,ACA,2,1,7,9,2,2,2,2,2,2,2,2,1,2,4,3,4,4,5,3
C>T,ACC,0,0,1,0,0,0,0,0,0,0,0,0,0,0,0,0,0,0,0,0
C>T,ACG,1,1,1,1,1,1,1,1,1,1,1,1,1,1,1,1,1,1,1,1
C>T,ACT,0,2,4,3,2,1,2,2,1,1,0,1,2,1,5,3,0,1,2,1
C>T,CCA,0,0,1,1,0,0,0,0,0,0,0,0,0,1,2,1,0,0,0,0
C>T,CCC,0,0,1,1,0,0,0,0,0,0,0,0,0,0,0,0,0,0,0,0
C>T,CCG,1,1,1,1,1,1,1,1,1,1,1,1,1,1,1,1,1,1,1,1
C>T,CCT,2,2,2,2,2,2,2,2,2,2,1,2,2,2,3,3,1,1,1,2
C>T,GCA,0,0,1,1,0,0,1,0,0,0,0,0,0,0,1,1,0,0,0,0
C>T,GCC,0,0,0,0,0,0,0,0,0,0,1,0,0,0,1,0,0,0,0,0
C>T,GCG,0,0,0,0,0,0,0,0,0,0,0,0,0,0,0,0,0,0,0,0
C>T,GCT,0,0,3,2,0,0,1,0,0,0,0,0,0,0,5,3,0,0,0,0
C>T,TCA,3,2,6,5,2,3,4,3,3,3,1,3,3,3,6,6,1,2,2,4
C>T,TCC,0,0,2,1,0,0,0,1,0,0,0,1,0,0,1,2,0,1,1,0
C>T,TCG,0,0,0,0,0,0,0,0,0,0,0,0,0,0,0,0,0,0,0,0
C>T,TCT,0,0,2,0,0,0,0,0,0,0,0,0,0,1,1,2,0,0,1,0
T>A,ATA,0,0,1,0,0,0,1,0,0,0,0,0,0,0,1,1,0,0,0,0
T>A,ATC,0,1,1,0,1,1,1,1,1,1,1,1,1,1,1,1,0,0,0,1
T>A,ATG,0,0,2,2,0,0,1,0,0,0,0,0,0,0,0,1,0,1,1,0
T>A,ATT,0,0,0,0,0,0,0,0,0,0,0,0,0,0,0,0,0,1,0,0
T>A,CTA,0,0,0,0,0,0,0,0,0,0,0,0,0,0,0,0,0,0,0,0
T>A,CTC,1,1,2,2,1,1,1,1,1,1,0,1,1,1,1,1,1,0,1,1
T>A,CTG,0,0,2,2,0,0,2,0,0,0,0,0,0,0,2,2,0,0,0,0
T>A,CTT,0,0,0,0,0,0,0,0,0,0,0,0,0,0,0,0,0,0,0,0
T>A,GTA,0,0,0,0,0,0,0,0,0,0,0,0,0,0,0,0,0,0,0,0
T>A,GTC,0,0,0,1,0,0,0,0,0,0,0,0,0,0,0,0,0,0,0,0
T>A,GTG,0,0,0,0,0,0,0,0,0,0,0,0,0,0,0,0,0,0,0,0
T>A,GTT,0,0,0,0,0,0,0,0,0,0,0,0,0,0,0,0,0,0,0,0
T>A,TTA,0,0,1,1,0,0,0,0,0,1,0,0,0,0,0,1,0,0,0,0
T>A,TTC,0,0,1,2,0,0,0,0,0,0,0,0,0,0,0,1,0,1,1,0
T>A,TTG,0,0,0,0,0,0,0,0,0,0,0,0,0,0,0,0,2,0,0,0
T>A,TTT,0,0,0,0,0,0,0,0,0,0,0,0,0,0,0,0,0,0,0,0
T>C,ATA,0,1,2,4,0,0,2,1,2,1,3,1,1,1,3,3,2,2,3,4
T>C,ATC,0,0,5,3,2,0,0,0,0,0,1,0,2,1,0,1,3,3,1,2
T>C,ATG,0,0,1,2,0,0,0,0,0,1,1,0,0,0,1,2,0,2,2,0
T>C,ATT,2,0,7,5,2,1,4,1,2,1,0,1,2,1,5,4,0,2,4,2
T>C,CTA,1,1,3,4,1,1,1,1,2,1,1,1,1,1,3,2,3,1,3,0
T>C,CTC,0,0,3,3,1,0,1,0,1,0,0,0,0,0,2,2,0,1,1,1
T>C,CTG,0,0,0,0,0,0,0,0,0,0,0,0,0,0,0,0,1,0,0,0
T>C,CTT,1,0,0,0,1,1,1,2,1,1,0,1,0,1,1,1,0,0,0,1
T>C,GTA,2,0,1,0,0,0,0,0,0,0,1,0,0,1,0,1,0,0,0,0
T>C,GTC,0,0,1,2,0,0,1,0,0,0,0,0,0,0,1,1,0,0,1,0
T>C,GTG,0,0,2,2,0,0,1,0,0,0,0,0,0,0,1,2,0,0,0,0
T>C,GTT,1,1,0,0,1,1,1,1,1,1,1,1,1,1,1,1,0,0,0,1
T>C,TTA,1,1,1,4,1,1,1,1,2,1,0,0,1,2,2,2,1,1,2,3
T>C,TTC,0,0,0,0,0,1,0,0,0,0,0,0,1,0,0,0,0,0,1,0
T>C,TTG,0,0,0,1,0,0,0,0,0,1,0,0,0,0,0,0,0,0,0,0
T>C,TTT,1,1,0,1,1,1,0,2,1,1,2,2,1,1,1,2,1,0,0,1
T>G,ATA,0,0,0,0,0,0,0,0,0,0,0,0,0,0,0,0,0,0,0,0
T>G,ATC,1,0,1,2,0,0,0,0,0,0,0,0,0,0,0,0,1,1,1,0
T>G,ATG,0,0,0,0,0,0,0,0,0,0,0,0,0,0,0,0,0,0,0,0
T>G,ATT,0,0,0,0,0,0,0,0,0,0,0,0,0,0,0,0,0,0,0,0
T>G,CTA,0,0,0,0,0,0,0,0,0,0,0,0,0,0,0,0,0,0,0,0
T>G,CTC,0,0,0,0,0,0,0,0,0,0,0,0,0,0,1,1,0,0,0,0
T>G,CTG,0,0,0,1,0,0,0,0,0,0,0,0,0,0,0,0,0,0,0,0
T>G,CTT,0,0,0,0,0,0,0,0,0,0,0,0,0,0,0,0,0,0,0,0
T>G,GTA,0,0,0,0,0,0,0,0,0,0,0,0,0,0,0,0,0,0,0,0
T>G,GTC,0,0,1,0,0,0,1,0,0,0,0,0,0,0,2,2,0,0,0,0
T>G,GTG,0,0,0,0,0,0,0,0,0,0,0,0,0,0,0,0,0,0,0,0
T>G,GTT,0,0,0,0,0,0,0,0,0,0,0,0,0,0,0,0,0,0,0,0
T>G,TTA,0,0,0,0,0,0,0,0,0,0,0,0,0,0,0,0,0,0,0,0
T>G,TTC,0,0,0,0,0,0,1,0,1,2,1,0,0,0,0,0,0,0,0,0
T>G,TTG,0,0,0,0,0,0,0,0,0,0,0,0,0,0,1,0,0,0,0,0
T>G,TTT,0,0,0,0,0,0,0,0,0,0,0,0,0,0,0,0,0,0,0,0
